CustID,ResStatus,EmpStatus,CustAge,TmAtAddress,CustIncome,TmWBank,OtherCC,AMBalance,UtilRate,Status
1,Tenant,Unknown,53,62,50000,55,1,1055.93,0.22,0
401,Other,Unknown,48,51,39000,54,1,647.1,0.03,1
801,Tenant,Employed,53,42,36000,8,1,629.15,0.27,1
2,Home Owner,Employed,61,22,52000,25,1,1161.58,0.24,0
402,Tenant,Employed,37,22,28000,35,1,910.04,0.25,1
802,Home Owner,Employed,44,22,40000,33,1,58.4,0,0
3,Tenant,Employed,47,30,37000,61,0,877.23,0.29,0
403,Home Owner,Employed,42,46,37000,22,1,1537.63,0.9,0
803,Tenant,Unknown,51,6,41000,15,1,8.5,0,1
4,Home Owner,Employed,50,75,53000,20,1,157.37,0.08,0
404,Home Owner,Unknown,44,14,40000,8,1,2326.34,0.62,1
804,Tenant,Employed,48,50,36000,40,1,48.68,0.01,0
5,Home Owner,Employed,68,56,53000,14,1,561.84,0.11,0
405,Home Owner,Unknown,37,16,26000,16,1,105.38,0.06,1
805,Home Owner,Employed,33,22,31000,26,1,1591.92,0.43,1
6,Home Owner,Employed,65,13,48000,59,1,968.18,0.15,0
406,Tenant,Unknown,50,93,51000,29,1,111.83,0.05,0
806,Other,Unknown,57,83,40000,8,1,1314.1,0.31,0
7,Home Owner,Unknown,34,32,32000,26,1,717.82,0.02,1
407,Home Owner,Employed,36,36,33000,33,1,287.4,0.1,0
807,Home Owner,Unknown,40,39,35000,97,1,1303.77,0.13,0
8,Other,Employed,50,57,51000,33,0,3041.2,0.13,0
408,Tenant,Unknown,32,26,24000,43,1,558.73,0.07,0
808,Tenant,Employed,51,73,43000,36,0,1491.13,0.23,1
9,Tenant,Unknown,50,10,52000,25,1,115.56,0.02,1
409,Other,Employed,37,14,41000,53,1,364.59,0.07,0
809,Other,Employed,40,3,42000,19,0,476.25,0,0
10,Home Owner,Unknown,49,30,53000,23,1,718.5,0.17,1
410,Other,Employed,44,13,33000,84,1,585.31,0,0
810,Home Owner,Employed,47,41,37000,36,1,698.47,0.15,1
11,Tenant,Unknown,52,24,34000,44,1,119.8,0.07,1
411,Home Owner,Unknown,52,29,50000,88,1,1254.28,0.71,0
811,Home Owner,Unknown,33,4,25000,15,1,905.51,0.41,1
12,Other,Unknown,48,91,44000,14,1,403.62,0.03,0
412,Home Owner,Employed,46,24,33000,38,1,294.5,0.08,0
812,Tenant,Employed,23,86,23000,7,1,617.33,0.07,1
13,Home Owner,Unknown,65,63,48000,6,0,111.88,0.02,0
413,Tenant,Employed,36,16,27000,8,1,1246.93,0.12,0
813,Tenant,Employed,45,79,42000,4,1,719.7,0.41,1
14,Other,Unknown,44,75,41000,35,0,436.41,0.18,0
414,Home Owner,Unknown,50,43,44000,26,1,102.59,0,0
814,Home Owner,Unknown,61,19,54000,6,1,614.42,0.11,0
15,Other,Employed,46,82,46000,16,1,162.21,0.04,0
415,Tenant,Unknown,37,72,35000,15,1,1194.89,0.83,1
815,Tenant,Employed,43,25,34000,63,1,144.33,0.01,0
16,Home Owner,Employed,33,47,36000,36,1,845.02,0.24,0
416,Tenant,Employed,32,45,42000,7,1,1271.73,0.92,1
816,Other,Employed,32,55,31000,16,1,359.84,0.15,0
17,Tenant,Employed,39,10,34000,40,1,756.26,0.27,1
417,Tenant,Unknown,35,20,26000,39,1,61.98,0,0
817,Home Owner,Employed,26,64,21000,74,1,1395.67,0.28,1
18,Home Owner,Employed,24,7,22000,19,1,449.61,0.24,0
418,Tenant,Employed,43,43,40000,10,1,257.9,0.07,0
818,Home Owner,Unknown,57,34,51000,65,1,1806.3,0.34,1
19,Home Owner,Employed,53,14,51000,11,1,519.46,0.42,1
419,Home Owner,Unknown,35,26,32000,65,0,545.87,0.25,1
819,Other,Unknown,57,46,47000,23,1,560.46,0.45,0
20,Other,Unknown,52,55,42000,12,1,1269.17,0.21,0
420,Tenant,Unknown,42,99,30000,68,0,1121.21,0.29,1
820,Home Owner,Employed,41,70,31000,47,1,976.15,0.24,0
21,Tenant,Unknown,37,13,33000,22,0,819.27,0.07,1
421,Home Owner,Employed,49,99,39000,45,1,517.16,0.08,0
821,Home Owner,Unknown,54,29,37000,12,1,1492.77,0.32,0
22,Home Owner,Employed,51,13,35000,33,1,468.85,0.01,0
422,Tenant,Unknown,72,12,61000,10,0,2101.37,1.29,0
822,Home Owner,Unknown,44,37,46000,15,1,499.71,0.15,1
23,Other,Unknown,38,29,20000,9,1,404.83,0.13,0
423,Other,Unknown,57,10,39000,13,1,427.82,0.01,0
823,Tenant,Unknown,42,45,45000,21,1,600.26,0.14,0
24,Tenant,Employed,43,41,30000,12,1,304.08,0.09,0
424,Other,Employed,32,62,31000,21,1,647.31,0.02,0
824,Tenant,Unknown,52,18,46000,45,1,675.58,0.42,1
25,Other,Unknown,56,27,42000,40,1,856.06,0.24,1
425,Tenant,Employed,38,61,27000,83,1,687.44,0.09,0
825,Home Owner,Employed,43,72,31000,42,1,659.36,0.01,1
26,Home Owner,Unknown,52,9,37000,19,1,1203.52,0.11,1
426,Other,Employed,37,2,33000,9,0,692.65,0.09,1
826,Other,Unknown,46,29,54000,40,0,1499.58,0.32,0
27,Other,Employed,45,5,43000,25,1,323.22,0.06,0
427,Home Owner,Unknown,49,15,46000,39,1,26.99,0.01,0
827,Tenant,Employed,37,7,37000,50,0,1454.89,0.34,0
28,Home Owner,Unknown,40,64,31000,10,1,504.08,0.1,0
428,Tenant,Unknown,45,22,34000,72,1,178.29,0.09,1
828,Tenant,Unknown,37,27,46000,46,1,626.98,0.07,0
29,Home Owner,Unknown,58,34,58000,11,0,603.34,0.14,1
429,Home Owner,Unknown,37,64,41000,33,1,266.02,0.06,0
829,Home Owner,Employed,41,37,35000,104,1,599.16,0.39,0
30,Home Owner,Employed,36,39,33000,65,1,1018.98,0.47,0
430,Home Owner,Unknown,41,94,43000,79,1,2589.43,0.59,0
830,Home Owner,Unknown,62,22,51000,33,1,74.2,0.03,0
31,Tenant,Employed,44,17,32000,42,1,2150.45,0.32,0
431,Home Owner,Unknown,50,7,35000,17,1,54.24,0,0
831,Tenant,Unknown,57,53,56000,31,1,47.98,0,1
32,Tenant,Unknown,46,6,37000,16,1,310.21,0.04,1
432,Other,Employed,42,81,56000,5,0,733.7,0.23,0
832,Home Owner,Employed,56,38,40000,6,1,1472.42,0.03,0
33,Tenant,Unknown,46,8,32000,26,1,940.78,0.3,0
433,Home Owner,Unknown,24,78,28000,56,1,612.52,0.1,1
833,Home Owner,Employed,50,57,46000,12,1,1741.01,0.34,0
34,Tenant,Unknown,58,18,44000,27,1,697.85,0.54,1
434,Tenant,Employed,58,84,51000,80,1,888.93,0.44,0
834,Tenant,Unknown,48,44,39000,83,1,35.25,0.01,0
35,Tenant,Unknown,35,23,48000,39,1,1119.01,0.05,1
435,Tenant,Unknown,30,37,24000,12,1,1307.37,0.54,1
835,Tenant,Employed,45,53,44000,27,1,509.43,0.32,0
36,Other,Employed,36,48,30000,21,0,2272.85,0.85,1
436,Other,Employed,46,107,36000,16,1,558.88,0.11,0
836,Home Owner,Unknown,50,79,39000,6,1,83.4,0.02,1
37,Tenant,Employed,60,58,41000,52,1,582.96,0.43,0
437,Home Owner,Employed,34,75,35000,10,0,1040.56,0.41,0
837,Tenant,Unknown,39,11,34000,57,1,1651.57,0.81,0
38,Tenant,Employed,57,62,58000,70,1,193.69,0.06,0
438,Home Owner,Unknown,41,76,35000,18,1,25.98,0.01,1
838,Other,Employed,41,11,31000,39,1,1153.75,0.44,0
39,Home Owner,Employed,56,42,47000,51,1,1188.87,0.23,0
439,Tenant,Employed,36,6,34000,54,1,1520.77,0.02,1
839,Other,Employed,40,13,48000,47,1,1562.13,0.2,0
40,Tenant,Unknown,57,31,54000,19,1,124.04,0.05,0
440,Home Owner,Unknown,45,58,24000,63,1,379.75,0.06,0
840,Home Owner,Unknown,43,38,43000,12,1,187.71,0.06,0
41,Home Owner,Unknown,41,18,45000,28,0,1374.5,0.41,1
441,Home Owner,Employed,38,34,43000,21,1,931.12,0.08,1
841,Home Owner,Unknown,46,45,38000,23,1,82.21,0.05,1
42,Home Owner,Employed,33,8,31000,42,1,587.95,0.09,1
442,Tenant,Employed,27,43,39000,28,1,114.12,0.04,0
842,Other,Unknown,28,59,26000,13,1,2262.99,0.31,0
43,Home Owner,Employed,40,29,33000,117,1,919.49,0.27,0
443,Tenant,Employed,28,8,27000,8,1,907,0.52,1
843,Home Owner,Employed,45,8,31000,9,1,428.7,0.33,0
44,Other,Unknown,30,32,33000,30,1,776.63,0.04,0
444,Other,Unknown,38,14,27000,11,0,1477.54,0.36,0
844,Tenant,Unknown,52,2,37000,65,0,401.68,0.06,0
45,Tenant,Unknown,47,27,39000,26,1,2339.96,1.53,1
445,Home Owner,Employed,38,4,33000,23,1,1076.65,0.66,1
845,Home Owner,Unknown,33,47,31000,25,1,80.74,0,1
46,Other,Unknown,38,26,47000,19,1,1395.15,0.11,0
446,Tenant,Employed,49,16,45000,21,1,832.61,0.36,0
846,Home Owner,Unknown,62,71,48000,81,0,1852.67,0.49,0
47,Tenant,Employed,52,56,56000,79,1,294.46,0.12,0
447,Tenant,Employed,54,83,39000,105,1,1049.34,0.13,0
847,Home Owner,Employed,64,35,53000,15,1,1043.55,0.08,0
48,Tenant,Employed,49,56,49000,13,1,253.02,0.08,0
448,Tenant,Employed,41,100,33000,58,1,53,0.03,1
848,Home Owner,Unknown,52,10,39000,5,1,709.88,0.36,0
49,Home Owner,Unknown,41,57,30000,48,1,79.87,0.05,0
449,Other,Unknown,57,36,40000,2,1,895,0.36,1
849,Home Owner,Unknown,64,69,53000,45,1,672,0.04,0
50,Tenant,Unknown,38,12,28000,11,1,407.24,0.06,1
450,Home Owner,Unknown,40,103,30000,11,0,1632.03,0.59,1
850,Tenant,Employed,47,38,34000,14,1,876.34,0.11,0
51,Home Owner,Employed,48,12,34000,3,1,819.3,0.29,0
451,Other,Unknown,43,17,30000,29,0,421.82,0.15,1
851,Home Owner,Employed,52,27,52000,31,1,663.57,0.14,0
52,Home Owner,Employed,59,17,60000,45,1,613.35,0.25,0
452,Other,Unknown,29,59,36000,6,1,1497.9,0.62,1
852,Home Owner,Unknown,41,76,34000,60,1,842.8,0.34,1
53,Tenant,Employed,48,73,46000,68,1,747.77,0.34,0
453,Home Owner,Employed,33,66,32000,28,1,21.87,0.01,1
853,Tenant,Unknown,43,21,34000,3,1,853.07,0.34,0
54,Home Owner,Employed,47,86,33000,56,1,608.14,0.21,0
454,Home Owner,Unknown,49,105,38000,5,1,854.01,0.28,1
854,Home Owner,Employed,39,37,30000,35,1,70,0.01,0
55,Other,Employed,38,19,33000,41,0,1883.49,0.2,1
455,Other,Unknown,61,31,42000,63,1,39.15,0.01,0
855,Home Owner,Employed,45,7,42000,19,1,222.46,0.11,0
56,Tenant,Employed,52,52,48000,68,1,1266.89,0.08,0
456,Home Owner,Employed,46,9,35000,4,0,3.86,0,0
856,Home Owner,Unknown,45,4,33000,32,1,1235.37,0.38,0
57,Tenant,Unknown,43,59,36000,37,1,214.3,0.03,0
457,Other,Unknown,39,19,29000,10,1,2053.44,0.86,0
857,Tenant,Employed,31,34,35000,6,1,170.18,0.13,0
58,Home Owner,Unknown,56,56,50000,11,1,1474.24,0.18,1
458,Home Owner,Employed,47,47,48000,32,1,631.14,0.23,0
858,Tenant,Unknown,55,39,45000,24,1,1434.79,0.47,0
59,Home Owner,Employed,49,18,45000,15,0,38.9,0.01,0
459,Tenant,Unknown,52,24,36000,33,1,886.98,0.26,0
859,Home Owner,Employed,40,40,28000,24,0,2247.34,0.45,0
60,Tenant,Unknown,53,112,42000,48,1,175.01,0.12,1
460,Home Owner,Unknown,51,26,50000,92,1,506.74,0.07,0
860,Home Owner,Unknown,59,5,40000,92,1,2152.68,1.09,0
61,Tenant,Employed,51,45,34000,40,1,21.59,0.01,0
461,Home Owner,Unknown,47,91,35000,49,1,483.45,0.24,0
861,Home Owner,Unknown,45,37,43000,29,1,1707.39,0.05,1
62,Tenant,Employed,69,75,53000,46,1,498.51,0.06,0
462,Other,Unknown,73,76,47000,56,1,663.21,0.27,0
862,Tenant,Unknown,37,15,29000,28,0,1392.05,0.58,0
63,Tenant,Unknown,43,4,30000,53,1,233.22,0.02,1
463,Tenant,Unknown,46,12,37000,43,1,635.55,0.21,1
863,Tenant,Unknown,30,46,32000,20,1,1184.38,0.82,1
64,Tenant,Employed,42,85,34000,40,1,1089.28,0.55,0
464,Home Owner,Unknown,52,73,43000,77,1,939.95,0.05,0
864,Tenant,Unknown,51,20,49000,22,0,1082.44,0.61,0
65,Tenant,Unknown,42,34,37000,17,1,287.36,0.05,1
465,Home Owner,Unknown,60,51,57000,41,1,310.75,0.03,1
865,Other,Employed,45,7,37000,48,1,398.9,0.05,0
66,Home Owner,Unknown,48,67,50000,47,1,271.88,0.07,0
466,Home Owner,Unknown,42,22,39000,14,0,1183.26,0.47,0
866,Other,Employed,34,30,29000,37,1,546.97,0.05,0
67,Tenant,Employed,39,3,37000,42,1,112.61,0.05,0
467,Home Owner,Employed,43,57,43000,21,1,247.28,0.02,1
867,Home Owner,Employed,48,159,39000,70,1,213.51,0,0
68,Tenant,Unknown,54,11,40000,42,1,975.88,0.62,1
468,Home Owner,Unknown,50,13,46000,57,1,825.07,0.41,0
868,Home Owner,Unknown,35,16,36000,63,1,2383.03,1.79,0
69,Tenant,Unknown,40,72,40000,8,1,593.03,0.09,1
469,Home Owner,Employed,67,84,48000,32,0,456.84,0.12,0
869,Tenant,Employed,40,24,38000,31,1,755.85,0.29,1
70,Tenant,Employed,44,35,38000,28,1,743.34,0.02,0
470,Home Owner,Unknown,33,120,25000,22,1,1096.22,0.19,1
870,Home Owner,Employed,33,81,31000,36,1,390.5,0.02,1
71,Home Owner,Employed,49,64,37000,8,1,881.68,0.3,0
471,Home Owner,Unknown,63,38,56000,16,1,234.16,0.15,0
871,Tenant,Unknown,48,58,38000,39,1,1010.06,0.15,1
72,Tenant,Unknown,57,28,45000,27,1,704.65,0.25,0
472,Tenant,Unknown,32,19,33000,23,1,51.99,0,1
872,Tenant,Unknown,57,43,41000,44,1,79.07,0.02,0
73,Tenant,Unknown,52,7,38000,34,1,1410.27,0.12,0
473,Home Owner,Employed,46,101,43000,38,1,367,0.04,1
873,Home Owner,Unknown,60,3,46000,101,1,464.51,0.09,0
74,Tenant,Employed,44,6,39000,19,1,1716.78,0.48,1
474,Other,Unknown,59,43,42000,21,1,1246.58,0.41,0
874,Other,Unknown,48,10,43000,29,1,15.01,0,1
75,Tenant,Unknown,35,39,42000,42,0,1147.27,0.07,0
475,Other,Unknown,54,37,46000,49,1,878.5,0.18,1
875,Tenant,Unknown,49,4,52000,26,0,601.58,0.2,1
76,Tenant,Unknown,52,50,39000,57,1,849.39,0.36,0
476,Home Owner,Unknown,28,58,30000,28,1,1347.52,0.32,0
876,Tenant,Unknown,52,32,43000,16,1,1333.2,0.13,0
77,Home Owner,Employed,66,19,45000,13,1,1322.21,0.08,0
477,Home Owner,Employed,63,34,49000,37,1,474.77,0.12,1
877,Tenant,Unknown,30,28,32000,35,1,303.61,0.04,0
78,Home Owner,Employed,55,79,39000,57,1,856.65,0.01,1
478,Tenant,Unknown,57,17,37000,36,0,396.67,0.16,1
878,Other,Unknown,52,108,48000,7,1,1534.3,0.57,0
79,Tenant,Employed,45,20,39000,31,1,633.61,0.07,0
479,Tenant,Unknown,67,134,49000,7,1,1184.91,0.12,1
879,Tenant,Unknown,56,9,41000,4,1,405.86,0.17,1
80,Home Owner,Unknown,59,15,45000,19,0,292.34,0.05,1
480,Tenant,Employed,35,13,33000,74,1,790.96,0.34,1
880,Tenant,Employed,46,61,32000,40,1,1028.09,0.64,0
81,Home Owner,Unknown,38,59,51000,7,1,931.52,0.58,0
481,Tenant,Unknown,54,80,38000,16,1,1148.97,0.1,1
881,Other,Unknown,41,67,29000,28,1,1105.45,0.85,1
82,Home Owner,Employed,41,18,33000,92,1,330.21,0.12,1
482,Other,Employed,33,60,29000,6,1,772.21,0.01,0
882,Tenant,Unknown,46,54,43000,86,1,865.6,0.34,0
83,Home Owner,Employed,40,28,42000,121,1,984.09,0.26,0
483,Tenant,Unknown,49,55,48000,6,1,218.36,0.07,1
883,Tenant,Unknown,41,16,33000,100,0,927.59,0.14,1
84,Home Owner,Unknown,47,45,43000,51,1,457.13,0.04,0
484,Home Owner,Unknown,56,27,51000,13,0,29.32,0,0
884,Tenant,Employed,49,38,45000,35,1,249.67,0.03,0
85,Home Owner,Employed,38,30,30000,49,1,454.88,0.06,0
485,Home Owner,Unknown,41,10,35000,55,1,578.94,0.02,1
885,Other,Unknown,50,38,59000,41,0,710.1,0.2,1
86,Tenant,Unknown,38,39,27000,7,1,228.59,0.08,1
486,Other,Unknown,64,40,45000,60,1,86.1,0.05,0
886,Other,Unknown,24,78,29000,15,0,2999.98,0.34,1
87,Tenant,Employed,47,72,37000,10,1,1830.51,0.43,1
487,Tenant,Employed,54,5,39000,7,1,252.59,0.04,0
887,Tenant,Employed,57,32,42000,43,0,409.75,0.18,1
88,Other,Unknown,69,54,54000,4,1,1008.09,0.15,0
488,Home Owner,Unknown,49,15,47000,12,1,175.65,0.06,0
888,Other,Unknown,52,82,51000,40,1,218.11,0.08,0
89,Home Owner,Employed,42,20,38000,3,1,12.86,0.01,0
489,Home Owner,Employed,49,132,40000,5,1,484.11,0.03,0
889,Home Owner,Unknown,51,64,42000,8,0,2359.32,0.57,1
90,Home Owner,Employed,37,23,40000,21,1,71.09,0.02,0
490,Other,Employed,21,31,22000,51,1,429,0.06,0
890,Home Owner,Employed,40,31,35000,82,1,281.13,0.09,0
91,Home Owner,Unknown,30,49,34000,38,1,1614.13,0.17,0
491,Tenant,Employed,33,36,42000,15,1,430.55,0.03,0
891,Home Owner,Employed,51,30,38000,93,1,489.24,0.42,0
92,Tenant,Unknown,30,36,26000,36,1,1812.24,0.25,1
492,Home Owner,Employed,43,27,32000,36,1,613.07,0,1
892,Tenant,Unknown,36,21,28000,4,1,72.03,0.01,0
93,Tenant,Employed,35,119,37000,41,1,229.6,0.08,0
493,Tenant,Unknown,54,33,37000,3,1,895.58,0.04,1
893,Other,Unknown,36,40,30000,6,0,517.55,0.14,1
94,Tenant,Unknown,46,55,34000,17,1,10.13,0,1
494,Home Owner,Unknown,69,119,50000,23,1,1053.25,0.37,0
894,Home Owner,Unknown,37,18,30000,55,0,1122.47,0.2,0
95,Tenant,Employed,43,46,30000,11,1,2474.21,1.62,0
495,Home Owner,Employed,55,7,59000,15,1,1008.71,0.14,0
895,Home Owner,Unknown,51,108,50000,10,1,330.56,0.07,1
96,Home Owner,Unknown,58,42,39000,7,1,350.84,0.2,0
496,Home Owner,Employed,39,64,48000,17,1,898.63,0.41,1
896,Tenant,Unknown,36,5,38000,72,1,3.4,0,0
97,Tenant,Unknown,35,46,37000,24,1,271.14,0.01,0
497,Other,Unknown,36,89,28000,34,0,1589.22,0.07,0
897,Home Owner,Employed,31,3,25000,32,1,1286.34,0.5,1
98,Home Owner,Employed,50,28,41000,18,1,923.04,0.28,0
498,Other,Unknown,63,69,51000,6,1,1318.48,0.67,0
898,Home Owner,Unknown,54,17,46000,50,1,1662.35,0.43,0
99,Home Owner,Unknown,43,67,35000,4,1,1084.81,0.22,1
499,Tenant,Unknown,49,9,37000,92,1,2015.17,0.96,1
899,Home Owner,Unknown,41,76,40000,21,1,1112.64,0.01,0
100,Home Owner,Unknown,45,17,21000,56,1,7.22,0,0
500,Home Owner,Employed,41,59,35000,14,1,373.47,0.07,1
900,Home Owner,Unknown,32,43,24000,31,1,467.37,0.04,1
101,Tenant,Employed,34,18,41000,88,1,939.75,0.15,0
501,Home Owner,Unknown,66,58,48000,3,1,232.32,0.11,0
901,Tenant,Unknown,48,55,32000,7,0,198.08,0.03,0
102,Home Owner,Unknown,59,106,45000,16,0,649.67,0.09,1
502,Home Owner,Employed,56,20,42000,7,1,341.17,0.07,0
902,Home Owner,Unknown,56,30,39000,35,1,1459.11,0.37,0
103,Home Owner,Employed,64,49,50000,35,1,118.43,0,0
503,Home Owner,Employed,36,9,40000,26,1,57.92,0.02,0
903,Tenant,Employed,40,5,36000,32,1,21.31,0.02,0
104,Tenant,Employed,61,70,52000,28,1,381.33,0.18,0
504,Other,Unknown,46,113,39000,27,0,536.68,0.09,0
904,Tenant,Unknown,69,2,54000,35,0,82.39,0.03,0
105,Home Owner,Employed,28,48,34000,85,1,568.84,0.01,0
505,Tenant,Employed,22,39,23000,71,1,653.67,0.09,0
905,Home Owner,Unknown,52,36,43000,66,1,1153.83,0.61,0
106,Home Owner,Unknown,65,43,46000,18,1,1115.89,0.53,0
506,Tenant,Employed,40,58,38000,16,1,131.41,0.05,0
906,Tenant,Unknown,46,34,46000,59,1,183.39,0.13,0
107,Tenant,Employed,55,11,47000,58,1,754.71,0.17,0
507,Tenant,Unknown,56,11,56000,55,1,1409.65,0.06,0
907,Tenant,Unknown,42,30,46000,78,1,337.25,0.13,0
108,Home Owner,Unknown,37,21,32000,14,1,833.67,0.34,0
508,Tenant,Unknown,37,122,42000,6,1,462.78,0.14,0
908,Tenant,Unknown,39,28,27000,32,1,1954.88,0.14,1
109,Tenant,Employed,49,21,39000,12,1,502.17,0.22,0
509,Home Owner,Unknown,38,40,30000,50,1,1874.62,0.37,1
909,Home Owner,Unknown,42,27,44000,43,1,301.34,0.07,0
110,Home Owner,Employed,51,16,45000,17,1,2121.54,0.64,0
510,Home Owner,Unknown,60,14,45000,47,1,1192.31,0.81,0
910,Home Owner,Unknown,62,9,47000,52,0,775.9,0.38,0
111,Home Owner,Unknown,24,27,31000,25,1,1460.27,0.05,0
511,Home Owner,Unknown,51,2,48000,45,1,2087.2,0.91,0
911,Home Owner,Employed,39,79,45000,34,1,536.01,0.08,0
112,Home Owner,Employed,38,28,40000,31,1,470.48,0.08,0
512,Tenant,Employed,36,57,31000,9,1,245.79,0.07,0
912,Home Owner,Employed,42,74,37000,8,1,414.97,0.05,1
113,Home Owner,Employed,37,106,42000,15,0,1350.6,1.09,0
513,Home Owner,Employed,46,50,40000,37,1,1080.27,0.13,0
913,Tenant,Employed,47,55,32000,95,0,1976.98,0.51,0
114,Tenant,Unknown,46,8,44000,35,1,2651.4,0.17,1
514,Other,Unknown,69,74,52000,24,0,1113.24,0.55,0
914,Home Owner,Unknown,47,40,41000,41,1,1346.37,0.65,0
115,Tenant,Unknown,44,23,45000,49,1,834.14,0.08,0
515,Tenant,Unknown,45,22,45000,48,1,478.22,0.13,1
915,Home Owner,Employed,46,47,39000,26,1,974.27,0.29,1
116,Other,Employed,47,10,41000,60,1,837.7,0.5,0
516,Home Owner,Employed,48,69,32000,56,1,515.58,0.04,0
916,Home Owner,Employed,49,42,33000,32,1,931.24,0.27,1
117,Home Owner,Employed,50,71,44000,95,1,1241.26,0.1,0
517,Tenant,Unknown,35,102,37000,18,1,587.11,0.15,0
917,Home Owner,Unknown,51,55,43000,2,1,1232.05,0.9,0
118,Other,Unknown,56,3,45000,45,0,540.37,0.13,0
518,Other,Unknown,32,33,31000,9,1,1224.73,0.41,0
918,Tenant,Employed,59,36,39000,16,1,1606.17,0.56,0
119,Tenant,Employed,51,20,36000,70,1,1116.7,0.36,0
519,Other,Unknown,34,69,35000,14,1,975.56,0.3,0
919,Tenant,Unknown,36,74,32000,28,1,1389.12,0.32,1
120,Tenant,Unknown,37,30,33000,13,1,190.42,0.02,0
520,Other,Unknown,54,27,55000,74,1,600.19,0.13,0
920,Tenant,Employed,28,52,45000,7,1,292.99,0.07,0
121,Other,Employed,50,13,33000,41,1,1798.66,0.42,0
521,Other,Unknown,48,18,37000,70,1,604.5,0.07,0
921,Tenant,Unknown,48,46,42000,35,1,791.87,0.11,0
122,Tenant,Unknown,50,82,49000,10,0,827.36,0.25,0
522,Home Owner,Unknown,50,22,45000,36,1,358.56,0.12,0
922,Home Owner,Unknown,29,11,38000,5,1,876.17,0.7,0
123,Tenant,Employed,42,70,40000,33,0,1759.69,0.74,1
523,Home Owner,Unknown,34,80,25000,49,1,720.85,0.07,1
923,Other,Employed,49,14,48000,43,0,144.43,0.07,0
124,Home Owner,Unknown,61,54,51000,51,1,86.44,0,1
524,Other,Employed,58,14,40000,2,1,1643.27,0.64,0
924,Tenant,Unknown,41,45,30000,40,1,854.97,0.04,0
125,Tenant,Employed,37,23,43000,62,1,863.33,0.28,0
525,Home Owner,Unknown,41,11,30000,25,1,640.59,0.06,1
925,Tenant,Employed,50,80,43000,46,1,315.55,0.02,0
126,Tenant,Employed,41,13,42000,64,1,2267.06,0.97,1
526,Home Owner,Unknown,44,90,39000,29,1,178.52,0.02,0
926,Home Owner,Employed,58,56,56000,44,1,447.74,0.08,1
127,Home Owner,Employed,36,51,37000,14,0,866.01,0.53,1
527,Home Owner,Employed,56,13,50000,29,1,1429.11,0.29,0
927,Tenant,Unknown,54,37,44000,14,0,1051.22,0.19,1
128,Home Owner,Unknown,60,45,44000,82,1,708.63,0.08,0
528,Home Owner,Employed,32,38,40000,58,1,617.8,0.22,1
928,Home Owner,Unknown,38,42,56000,11,0,2360.09,1.24,0
129,Home Owner,Employed,53,119,39000,15,1,791.63,0.23,0
529,Tenant,Unknown,55,8,51000,11,0,814.04,0.06,1
929,Home Owner,Unknown,57,98,62000,70,1,873.01,0.41,0
130,Home Owner,Unknown,50,57,50000,19,1,720.76,0.32,0
530,Home Owner,Unknown,48,12,38000,72,1,1126.71,0.14,0
930,Home Owner,Employed,48,33,46000,4,0,278.83,0.01,0
131,Home Owner,Employed,46,4,36000,8,1,262.89,0.02,0
531,Home Owner,Unknown,64,39,46000,18,1,496.76,0.08,0
931,Tenant,Employed,57,17,52000,16,1,302.62,0.02,0
132,Home Owner,Unknown,73,2,56000,102,1,780.93,0.01,0
532,Other,Employed,46,42,37000,26,1,1295.45,0.35,0
932,Home Owner,Unknown,39,40,42000,37,1,333.23,0.02,1
133,Other,Unknown,66,22,59000,40,1,1211.67,0.5,0
533,Home Owner,Unknown,62,57,41000,2,1,161.57,0.03,0
933,Home Owner,Employed,45,22,42000,30,1,912.81,0.17,1
134,Home Owner,Employed,42,95,43000,14,1,234.13,0.03,0
534,Home Owner,Unknown,58,69,50000,11,1,721.68,0.42,1
934,Other,Employed,60,17,45000,25,1,1006.56,0.24,1
135,Tenant,Unknown,29,28,38000,6,1,372.67,0.02,0
535,Home Owner,Unknown,43,40,46000,17,1,83.62,0.01,1
935,Home Owner,Unknown,38,18,35000,6,0,554.25,0.46,0
136,Tenant,Unknown,59,13,46000,14,1,1199.48,0.31,0
536,Home Owner,Unknown,51,53,46000,94,1,511,0.15,0
936,Other,Employed,41,13,35000,13,1,893.41,0.45,0
137,Tenant,Unknown,48,100,48000,55,1,46.14,0,0
537,Home Owner,Employed,53,96,48000,13,1,93.01,0.01,0
937,Home Owner,Unknown,43,44,35000,48,0,1680.26,0.12,1
138,Other,Employed,44,31,41000,2,1,1101.84,0.32,0
538,Home Owner,Employed,50,70,53000,29,1,381.16,0.28,1
938,Other,Employed,69,12,54000,37,0,2075.51,0.86,0
139,Home Owner,Employed,38,39,30000,7,0,180.16,0.07,1
539,Tenant,Unknown,39,34,56000,2,1,833.02,0.23,0
939,Home Owner,Unknown,37,16,44000,65,1,1092.75,0.11,1
140,Home Owner,Unknown,36,21,35000,33,1,920.13,0.39,1
540,Tenant,Employed,36,36,31000,56,1,134.75,0.02,0
940,Other,Unknown,37,9,32000,45,1,107.52,0.04,0
141,Home Owner,Employed,32,26,28000,15,0,12.29,0,0
541,Tenant,Unknown,71,49,52000,16,1,562.83,0.17,0
941,Home Owner,Unknown,42,49,41000,4,1,654.82,0.13,0
142,Home Owner,Employed,34,63,29000,28,1,876.28,0.15,0
542,Home Owner,Employed,46,63,33000,53,1,754.66,0.34,0
942,Other,Unknown,26,17,18000,37,1,39.24,0.01,1
143,Tenant,Employed,41,33,34000,38,1,206.57,0.07,0
543,Tenant,Employed,45,7,59000,24,1,186.54,0.02,0
943,Tenant,Employed,38,9,35000,27,1,786.59,0.2,0
144,Tenant,Employed,51,65,48000,34,1,1802.55,0.01,0
544,Other,Unknown,50,26,38000,32,0,1083.22,0.01,1
944,Tenant,Unknown,54,33,44000,34,0,1027.13,0.33,0
145,Other,Unknown,44,12,33000,4,1,37.38,0,1
545,Home Owner,Unknown,49,43,34000,24,1,859.53,0.34,0
945,Tenant,Unknown,42,50,37000,17,1,606.44,0.07,1
146,Home Owner,Unknown,42,5,47000,26,1,800.92,0.17,0
546,Tenant,Unknown,64,61,42000,23,1,5.11,0,0
946,Other,Employed,54,11,47000,25,1,1055.71,0.23,0
147,Tenant,Employed,48,23,35000,10,0,337.32,0.18,0
547,Home Owner,Employed,38,7,33000,61,1,538.71,0.16,0
947,Home Owner,Unknown,40,6,40000,47,1,1282.23,0.18,0
148,Tenant,Employed,34,38,37000,31,1,1135.94,0.2,0
548,Home Owner,Employed,46,22,48000,14,1,1630.39,0.29,0
948,Tenant,Employed,61,10,52000,3,1,466.11,0.1,0
149,Home Owner,Employed,54,100,45000,52,0,998.47,0.27,0
549,Tenant,Unknown,30,49,30000,53,1,570.5,0.08,0
949,Tenant,Employed,55,25,40000,24,1,599.78,0.01,0
150,Home Owner,Unknown,36,5,46000,46,1,790.07,0.6,1
550,Home Owner,Unknown,46,18,34000,51,0,2615.5,1.97,0
950,Tenant,Unknown,44,64,38000,117,1,938.67,0.16,0
151,Other,Unknown,55,5,57000,38,1,1668.7,0.25,0
551,Home Owner,Unknown,45,13,20000,7,1,1807.23,0.13,1
951,Tenant,Employed,58,86,43000,22,1,1250.62,0.05,0
152,Tenant,Employed,64,95,55000,24,1,2555,0.24,0
552,Home Owner,Unknown,37,18,29000,2,1,165.2,0,1
952,Home Owner,Employed,42,51,37000,21,1,619.94,0.15,0
153,Home Owner,Unknown,26,26,25000,75,1,1045.36,0.57,0
553,Home Owner,Unknown,64,12,41000,33,1,1165.58,0.26,0
953,Home Owner,Unknown,34,65,29000,12,1,1095.16,0.25,1
154,Tenant,Employed,36,51,32000,76,1,445.37,0.14,0
554,Home Owner,Unknown,35,113,37000,21,0,898.44,0.04,1
954,Other,Unknown,30,17,33000,43,1,210.31,0,0
155,Home Owner,Unknown,47,76,38000,77,1,337.55,0.01,0
555,Home Owner,Unknown,50,20,42000,39,0,806.58,0.01,1
955,Tenant,Employed,47,17,60000,63,1,433.47,0.02,0
156,Tenant,Unknown,45,112,31000,60,1,473.21,0.1,0
556,Home Owner,Employed,47,104,38000,91,1,1632.41,0.14,0
956,Other,Unknown,49,115,45000,33,1,534.62,0.12,0
157,Other,Unknown,37,66,33000,7,1,1450.34,0.32,0
557,Tenant,Employed,41,14,34000,68,1,210.38,0.07,0
957,Home Owner,Employed,28,23,28000,9,1,55.83,0.04,1
158,Tenant,Unknown,38,22,28000,16,0,112.95,0.01,1
558,Tenant,Employed,58,19,44000,12,0,991.15,0.36,0
958,Tenant,Unknown,47,42,37000,43,1,810.05,0.12,0
159,Tenant,Employed,39,26,39000,107,1,499.02,0.05,0
559,Tenant,Unknown,63,71,43000,13,1,145.09,0.04,0
959,Tenant,Employed,48,43,32000,29,1,293.87,0.05,1
160,Other,Employed,35,15,30000,8,1,978.68,0.54,1
560,Other,Unknown,56,14,46000,37,1,1482.1,0.02,1
960,Home Owner,Unknown,48,46,32000,26,1,416.8,0.04,1
161,Home Owner,Employed,22,51,23000,23,1,1284.96,0.27,1
561,Tenant,Employed,36,49,41000,11,1,581.21,0.08,0
961,Tenant,Employed,40,61,37000,39,1,519.12,0.15,0
162,Tenant,Employed,43,53,36000,71,1,1093.56,0.86,1
562,Tenant,Unknown,52,76,39000,15,1,1287.85,0.18,1
962,Home Owner,Employed,52,29,50000,28,1,180.91,0.04,0
163,Other,Employed,57,19,41000,3,1,350.2,0,0
563,Other,Employed,55,8,42000,55,0,552.83,0.29,0
963,Tenant,Employed,30,55,29000,36,1,52.46,0,0
164,Other,Unknown,38,39,23000,77,1,177.15,0.05,0
564,Other,Unknown,29,21,25000,17,1,693.41,0.01,1
964,Tenant,Employed,38,35,29000,20,1,201.34,0.06,1
165,Home Owner,Unknown,48,21,38000,70,0,1217.03,0.2,0
565,Home Owner,Employed,65,57,54000,21,0,1310.13,0.4,1
965,Home Owner,Unknown,52,87,43000,44,1,254.33,0.05,0
166,Home Owner,Unknown,47,28,35000,42,1,231.4,0.02,0
566,Home Owner,Unknown,64,8,46000,47,1,562.34,0.25,0
966,Other,Unknown,54,30,48000,23,1,1115.37,0.36,0
167,Other,Employed,49,25,45000,16,0,1852.17,0,0
567,Home Owner,Employed,44,26,40000,48,1,1286.98,0.24,0
967,Other,Unknown,25,7,30000,53,1,352.83,0.05,1
168,Tenant,Unknown,57,55,37000,39,1,163.89,0.06,0
568,Home Owner,Employed,55,20,40000,37,0,1187.65,0.02,0
968,Tenant,Employed,54,60,39000,51,1,1025.79,0.54,1
169,Home Owner,Unknown,55,32,47000,12,1,2471.57,0.36,1
569,Tenant,Unknown,27,3,25000,43,1,608,0,1
969,Home Owner,Employed,37,54,31000,9,1,12.42,0,0
170,Tenant,Unknown,49,29,46000,28,1,1268.7,0.78,0
570,Tenant,Unknown,43,12,41000,17,1,194.41,0.04,1
970,Tenant,Employed,44,10,42000,18,1,20.7,0.01,0
171,Home Owner,Unknown,40,3,21000,20,1,164.63,0.12,0
571,Home Owner,Unknown,48,12,36000,6,1,1150.09,0.11,1
971,Home Owner,Unknown,30,31,26000,7,1,902.43,0.63,1
172,Tenant,Employed,45,20,49000,9,0,55.64,0.02,1
572,Other,Unknown,21,69,22000,40,1,1866.68,0.82,0
972,Home Owner,Employed,34,33,41000,26,1,180.17,0.13,1
173,Other,Employed,51,12,35000,25,1,499.55,0.43,0
573,Tenant,Unknown,50,10,34000,89,0,598.46,0.28,0
973,Tenant,Employed,68,43,48000,40,1,64.33,0.02,0
174,Tenant,Employed,55,37,45000,22,1,1514.43,0.23,1
574,Home Owner,Unknown,45,59,47000,9,1,175.18,0.01,0
974,Tenant,Employed,42,31,35000,19,0,468.67,0.04,0
175,Home Owner,Employed,38,69,34000,26,1,1029.94,0.27,0
575,Other,Employed,49,17,37000,4,1,1056.69,0.29,0
975,Other,Employed,35,105,43000,7,1,990.66,0.32,0
176,Tenant,Unknown,27,15,28000,13,1,1040.85,0.12,0
576,Home Owner,Employed,49,48,43000,14,1,297.45,0.06,0
976,Other,Unknown,45,74,33000,23,1,555.41,0.09,1
177,Tenant,Unknown,45,79,35000,32,1,18.63,0.01,0
577,Tenant,Employed,43,48,48000,36,1,453.55,0.02,0
977,Tenant,Unknown,48,46,39000,6,1,1143.84,0.24,1
178,Home Owner,Unknown,58,111,47000,22,0,851.52,0.01,0
578,Home Owner,Unknown,38,33,46000,118,1,915.68,0.28,1
978,Tenant,Unknown,46,15,37000,64,0,411.01,0.16,1
179,Home Owner,Unknown,50,38,49000,31,1,471.42,0.2,0
579,Home Owner,Unknown,49,40,41000,24,1,1652.65,0.17,0
979,Other,Employed,55,57,41000,71,1,652.86,0.16,0
180,Other,Employed,41,15,44000,11,0,598.58,0.33,1
580,Tenant,Employed,44,7,37000,67,1,214.71,0.03,0
980,Home Owner,Unknown,40,48,43000,9,1,1080.69,0.33,0
181,Other,Employed,48,58,50000,30,1,87.61,0.02,0
581,Tenant,Unknown,57,20,52000,49,1,1519.86,0.04,1
981,Home Owner,Unknown,68,57,53000,19,0,1634.2,0.03,0
182,Other,Employed,43,65,39000,121,1,988.39,0.11,1
582,Home Owner,Unknown,38,83,40000,32,1,988.61,0.09,0
982,Tenant,Employed,58,72,44000,44,1,751.55,0.01,0
183,Home Owner,Employed,28,85,36000,11,1,880.34,0.07,0
583,Home Owner,Employed,62,128,44000,14,0,34.56,0.02,0
983,Tenant,Employed,48,60,47000,31,1,246.51,0.01,1
184,Other,Employed,56,24,43000,74,1,2649.97,1.02,0
584,Home Owner,Unknown,34,15,33000,40,1,1750.59,1.68,1
984,Home Owner,Unknown,39,22,30000,40,1,795.73,0.24,1
185,Tenant,Unknown,27,24,38000,65,1,613.69,0.05,0
585,Home Owner,Employed,56,8,36000,41,1,866.85,0.12,0
985,Other,Employed,51,48,38000,95,1,495.15,0.13,0
186,Tenant,Unknown,47,132,31000,20,1,158.87,0.1,0
586,Other,Employed,52,32,48000,50,1,272.16,0.12,0
986,Home Owner,Employed,29,21,30000,28,1,744.52,0.18,0
187,Tenant,Unknown,36,154,27000,43,1,805.4,0.1,0
587,Home Owner,Employed,36,23,26000,36,1,967.43,0.3,1
987,Other,Unknown,45,50,21000,33,1,896.02,0.37,0
188,Home Owner,Unknown,42,52,40000,89,0,1112.96,0.21,0
588,Home Owner,Employed,41,43,36000,10,1,2501.3,0.63,1
988,Tenant,Employed,45,12,34000,2,1,890.31,0.26,1
189,Tenant,Unknown,56,35,53000,68,1,715.27,0.21,0
589,Home Owner,Employed,55,13,57000,76,1,3812,0.49,0
989,Home Owner,Employed,48,79,41000,42,0,152.2,0.03,1
190,Tenant,Employed,63,40,45000,55,0,14.7,0.01,0
590,Home Owner,Employed,32,14,31000,4,1,353.08,0.08,0
990,Home Owner,Unknown,41,110,46000,6,1,302.46,0.12,0
191,Home Owner,Employed,45,35,37000,38,1,1019.51,0.59,0
591,Tenant,Unknown,44,92,59000,4,1,702.93,0.2,1
991,Home Owner,Employed,49,29,35000,11,1,80.66,0.01,0
192,Other,Unknown,67,43,58000,16,0,1553.56,0.12,1
592,Home Owner,Employed,34,37,37000,11,1,558.42,0.07,0
992,Home Owner,Employed,33,79,33000,43,1,435.51,0.08,0
193,Tenant,Employed,50,57,52000,46,1,381.83,0.01,0
593,Home Owner,Employed,41,30,36000,20,1,777.47,0.46,1
993,Tenant,Unknown,44,67,37000,18,1,417.27,0.04,0
194,Tenant,Employed,49,14,42000,2,1,356.02,0.13,0
594,Tenant,Employed,30,9,30000,29,1,331.94,0.05,1
994,Tenant,Employed,50,19,34000,54,1,81.14,0.03,0
195,Home Owner,Unknown,38,26,21000,72,1,1035.7,0.2,0
595,Home Owner,Unknown,56,51,38000,62,1,1853.55,0.47,0
995,Home Owner,Unknown,55,42,42000,13,1,262.37,0.07,0
196,Home Owner,Employed,52,38,47000,39,1,1311.13,0.23,0
596,Home Owner,Employed,45,3,41000,7,1,2669.1,0.82,0
996,Other,Employed,47,24,39000,29,1,1170.18,0.08,0
197,Home Owner,Employed,29,14,48000,20,1,405.61,0.02,1
597,Tenant,Unknown,51,17,35000,62,1,612.88,0.18,0
997,Home Owner,Unknown,44,18,43000,21,1,575.49,0.19,0
198,Home Owner,Unknown,44,45,33000,11,1,252.2,0.1,1
598,Tenant,Employed,37,11,32000,8,1,1164.05,0.52,0
998,Tenant,Employed,56,61,37000,19,1,143.55,0.01,0
199,Tenant,Unknown,59,50,38000,38,1,38.66,0.01,1
599,Tenant,Unknown,43,61,37000,21,1,3029.34,0.86,1
999,Other,Unknown,66,18,42000,14,1,1234.28,0.29,0
200,Tenant,Unknown,37,9,33000,23,1,97.01,0.02,0
600,Home Owner,Unknown,52,6,39000,61,1,1427.58,0.97,0
1000,Home Owner,Employed,48,43,40000,8,1,45.47,0.04,1
201,Tenant,Unknown,26,85,31000,56,1,943.16,0.18,0
601,Tenant,Unknown,68,26,52000,24,1,676.07,0.19,0
1001,Other,Unknown,49,28,40000,97,1,705.57,0.43,0
202,Tenant,Unknown,43,40,33000,62,0,267.4,0.11,0
602,Home Owner,Employed,55,17,55000,45,1,950.58,0.61,0
1002,Home Owner,Employed,46,61,36000,48,1,2379.51,1.04,1
203,Tenant,Employed,45,3,49000,43,0,1480.33,0.41,1
603,Tenant,Unknown,59,66,45000,3,0,397.11,0.13,0
1003,Tenant,Employed,58,28,47000,5,1,874.08,0.02,0
204,Home Owner,Employed,32,86,38000,17,1,1118,0.19,1
604,Home Owner,Employed,54,85,39000,35,1,811.21,0.22,0
1004,Tenant,Employed,32,17,42000,31,1,1891.69,1.2,1
205,Home Owner,Unknown,49,68,35000,14,0,1310.13,0.47,1
605,Home Owner,Employed,47,23,36000,26,1,108.07,0.04,0
1005,Home Owner,Unknown,28,67,23000,66,1,713.23,0.02,0
206,Home Owner,Employed,31,52,30000,80,1,364.09,0,0
606,Tenant,Employed,41,8,35000,20,1,452,0.1,0
1006,Tenant,Employed,53,36,49000,43,1,1013.73,0.31,1
207,Home Owner,Employed,50,38,48000,12,0,573.9,0.1,0
607,Tenant,Employed,51,26,44000,22,1,65.68,0.01,0
1007,Other,Unknown,67,52,50000,14,1,1500.1,0.13,0
208,Tenant,Unknown,24,3,26000,8,0,83.92,0.02,1
608,Tenant,Unknown,35,41,45000,52,1,977.45,0.26,0
1008,Tenant,Employed,40,48,48000,60,0,465.62,0.06,0
209,Home Owner,Employed,48,19,40000,11,1,100.2,0.02,0
609,Tenant,Unknown,43,62,47000,33,1,21.09,0.01,0
1009,Tenant,Unknown,62,42,42000,19,0,1155.07,0.69,0
210,Tenant,Unknown,37,10,48000,12,1,573.43,0,1
610,Tenant,Employed,55,48,37000,84,1,917.19,0.44,0
1010,Home Owner,Employed,45,94,54000,7,0,387.49,0.29,0
211,Tenant,Employed,43,66,49000,46,1,474.7,0.26,0
611,Tenant,Employed,52,4,47000,59,1,978.67,0.29,0
1011,Home Owner,Unknown,47,142,39000,23,1,1375.09,0.55,0
212,Other,Unknown,37,57,32000,57,0,622.86,0.21,1
612,Home Owner,Employed,42,99,43000,30,1,234.1,0.04,1
1012,Home Owner,Unknown,54,36,40000,75,1,653.5,0.07,0
213,Tenant,Employed,32,50,25000,22,1,1356.23,0.33,1
613,Tenant,Unknown,44,41,53000,6,1,509.72,0.14,1
1013,Home Owner,Employed,37,22,40000,13,1,306.73,0.2,0
214,Tenant,Unknown,56,27,49000,24,1,511.67,0.11,0
614,Tenant,Employed,36,110,35000,26,1,42.81,0.01,0
1014,Other,Unknown,45,16,35000,21,0,156.44,0.05,0
215,Tenant,Unknown,34,6,47000,46,1,1203.39,0.52,0
615,Home Owner,Unknown,53,71,38000,47,1,1335.06,0.1,0
1015,Home Owner,Unknown,41,33,29000,23,1,1080.36,0.05,1
216,Other,Employed,37,7,31000,71,1,1717.67,0.26,1
616,Tenant,Employed,43,9,52000,60,1,684.81,0.33,0
1016,Home Owner,Unknown,38,5,37000,13,0,1724.61,0.3,0
217,Home Owner,Unknown,48,50,35000,16,1,15.62,0,1
617,Home Owner,Employed,42,77,41000,32,1,1059.47,0.45,0
1017,Tenant,Unknown,42,81,23000,59,0,1101.8,0.04,1
218,Home Owner,Unknown,51,31,44000,23,1,1234.26,0.1,0
618,Home Owner,Employed,54,68,38000,20,0,1966.61,1.07,0
1018,Home Owner,Employed,50,12,36000,7,1,357.05,0.09,0
219,Tenant,Employed,48,33,44000,20,1,360.87,0.21,0
619,Home Owner,Unknown,32,117,30000,50,1,1961.5,0.34,0
1019,Home Owner,Employed,48,58,39000,18,1,151.77,0.01,1
220,Tenant,Unknown,46,58,31000,9,1,2008.24,0.54,0
620,Tenant,Employed,32,22,37000,56,1,1409.91,0.35,0
1020,Home Owner,Unknown,39,22,45000,42,1,871.76,0.13,0
221,Other,Employed,41,33,29000,13,1,2134.02,0.74,0
621,Home Owner,Unknown,40,52,31000,9,1,424.54,0.11,0
1021,Other,Unknown,33,3,31000,53,0,1076.33,0.37,0
222,Home Owner,Unknown,54,59,35000,38,1,955.22,0.42,1
622,Other,Employed,49,97,40000,88,0,861.08,0.16,0
1022,Home Owner,Unknown,48,28,43000,34,0,225.5,0.07,0
223,Other,Employed,41,27,35000,34,1,904.52,0.22,0
623,Home Owner,Unknown,39,23,33000,54,1,437.37,0.19,0
1023,Home Owner,Unknown,22,36,34000,21,1,152.47,0.04,0
224,Home Owner,Employed,46,113,35000,79,0,1106.63,0.34,0
624,Other,Employed,52,101,45000,14,1,299.07,0.05,0
1024,Home Owner,Employed,32,16,33000,55,0,488.72,0.09,0
225,Tenant,Employed,29,46,39000,24,1,2231.9,1.61,1
625,Other,Unknown,37,69,19000,46,1,635.7,0.39,0
1025,Other,Employed,33,28,39000,8,1,19.92,0,0
226,Home Owner,Employed,34,70,42000,28,1,898.9,0.01,0
626,Home Owner,Unknown,55,38,37000,42,1,204.76,0.12,0
1026,Home Owner,Employed,55,70,44000,21,1,318.36,0.01,0
227,Tenant,Employed,53,94,54000,55,0,1068.59,0.23,1
627,Home Owner,Employed,28,81,30000,19,1,711.3,0.2,0
1027,Home Owner,Unknown,38,143,40000,18,1,1128.8,0.15,1
228,Tenant,Employed,50,46,36000,6,1,1444.23,0.2,0
628,Tenant,Unknown,31,25,28000,52,1,1283.55,0.6,0
1028,Tenant,Unknown,39,8,32000,19,1,180.76,0.1,0
229,Home Owner,Unknown,34,45,44000,59,1,207.3,0.12,1
629,Home Owner,Unknown,51,26,40000,32,1,653.24,0.48,1
1029,Home Owner,Unknown,43,56,36000,15,1,1187.26,0.45,1
230,Tenant,Unknown,38,53,27000,22,1,668.88,0.01,1
630,Home Owner,Employed,52,72,52000,16,1,584.28,0.19,0
1030,Home Owner,Unknown,26,46,36000,21,1,712.63,0.3,0
231,Tenant,Unknown,43,6,40000,39,1,96.18,0.02,0
631,Home Owner,Employed,42,3,45000,92,1,878.19,0.7,0
1031,Home Owner,Employed,36,53,29000,67,1,895.32,0.13,0
232,Tenant,Unknown,30,116,38000,15,1,808.69,0.12,1
632,Home Owner,Employed,43,11,48000,21,1,1303.37,0.3,0
1032,Home Owner,Employed,43,46,40000,23,0,727.14,0.15,1
233,Tenant,Employed,49,10,37000,51,1,850.32,0.15,0
633,Home Owner,Unknown,43,44,41000,28,1,1177.87,0.56,1
1033,Home Owner,Unknown,39,9,37000,43,1,856.91,0.37,0
234,Home Owner,Unknown,51,12,53000,20,1,1454.29,0.52,1
634,Tenant,Unknown,63,42,43000,37,1,238.34,0.02,0
1034,Tenant,Unknown,38,19,32000,4,0,1503.46,0.89,1
235,Home Owner,Employed,43,24,37000,19,1,1698.61,0.11,0
635,Home Owner,Unknown,42,63,36000,51,1,167.11,0,0
1035,Other,Unknown,60,12,48000,28,1,415.7,0.1,0
236,Tenant,Employed,56,25,51000,5,1,185.22,0.01,0
636,Tenant,Employed,45,43,37000,57,1,607.58,0.19,0
1036,Home Owner,Unknown,45,93,34000,36,1,1278.13,0.11,0
237,Home Owner,Employed,51,31,40000,61,1,750.03,0.26,0
637,Home Owner,Unknown,53,7,42000,76,1,290.39,0.12,1
1037,Home Owner,Employed,46,48,41000,59,1,559.42,0.14,0
238,Home Owner,Employed,46,39,50000,89,1,387.06,0.03,0
638,Tenant,Unknown,48,80,49000,27,1,366.17,0.03,0
1038,Home Owner,Employed,55,4,38000,75,1,237.32,0.05,1
239,Home Owner,Unknown,45,23,38000,9,1,473.58,0.29,0
639,Tenant,Unknown,36,17,45000,66,1,1088.7,0.34,1
1039,Home Owner,Unknown,40,25,37000,30,1,1242.78,0.49,0
240,Tenant,Unknown,30,40,33000,12,0,172.97,0.01,1
640,Home Owner,Employed,30,21,35000,125,1,1458.58,0.31,0
1040,Tenant,Unknown,37,75,29000,33,1,1096.38,0.28,0
241,Home Owner,Unknown,36,67,27000,35,1,2353.26,1.71,1
641,Other,Employed,52,20,41000,18,0,403.7,0.13,1
1041,Home Owner,Unknown,44,45,44000,3,0,184.55,0.02,0
242,Home Owner,Employed,48,49,42000,85,1,744.2,0.26,0
642,Other,Unknown,36,27,33000,50,1,131.25,0.05,0
1042,Home Owner,Unknown,43,2,32000,14,1,1509.81,0.57,1
243,Tenant,Employed,36,65,55000,31,1,644.24,0.34,0
643,Home Owner,Employed,27,62,24000,22,0,727.27,0.09,0
1043,Home Owner,Unknown,45,24,61000,47,1,1414.7,0.05,0
244,Home Owner,Unknown,36,25,29000,58,1,895.86,0.04,1
644,Tenant,Unknown,50,16,45000,53,1,1339.88,0.52,1
1044,Other,Employed,50,14,47000,49,1,1427.67,0.08,0
245,Tenant,Employed,40,15,39000,65,1,537.87,0.28,0
645,Home Owner,Employed,63,37,53000,81,1,1494.43,0.32,0
1045,Home Owner,Employed,68,9,53000,16,1,484.72,0.34,0
246,Other,Unknown,33,24,25000,12,1,1861.03,0.69,1
646,Tenant,Unknown,22,43,21000,79,1,1079.88,0.23,0
1046,Tenant,Employed,46,12,42000,71,0,1149.72,0.14,1
247,Tenant,Unknown,39,17,38000,11,1,1578.01,0.67,0
647,Tenant,Unknown,48,20,39000,46,1,139.6,0.02,1
1047,Home Owner,Unknown,36,11,43000,37,0,534.09,0.07,0
248,Home Owner,Unknown,32,57,28000,92,1,424.51,0.22,0
648,Tenant,Unknown,27,103,23000,9,1,503.74,0.01,1
1048,Home Owner,Unknown,36,8,49000,10,1,575.58,0.43,0
249,Home Owner,Employed,29,46,33000,53,0,2475.69,0.55,0
649,Home Owner,Unknown,61,53,43000,32,1,498.25,0.07,0
1049,Home Owner,Employed,57,45,42000,45,1,2202.87,0.11,0
250,Tenant,Unknown,45,33,31000,16,0,813.37,0.18,0
650,Tenant,Employed,55,88,44000,31,1,547.79,0.25,1
1050,Home Owner,Unknown,46,70,41000,38,1,367.48,0.09,1
251,Tenant,Unknown,25,38,26000,10,0,1227.4,0.74,0
651,Other,Employed,56,46,41000,2,0,1002.8,0.55,1
1051,Tenant,Unknown,52,73,42000,35,1,263.72,0.08,0
252,Home Owner,Unknown,39,26,34000,19,1,751.79,0.15,1
652,Other,Employed,38,13,36000,12,1,1058.86,0.43,0
1052,Tenant,Employed,58,20,48000,7,1,170.02,0.01,0
253,Tenant,Unknown,39,61,36000,11,1,1250.67,0.64,0
653,Other,Unknown,56,105,50000,33,0,2002.82,0.04,0
1053,Tenant,Unknown,39,24,38000,17,1,29.88,0.01,1
254,Tenant,Unknown,40,38,22000,31,0,201.68,0.04,0
654,Home Owner,Employed,48,7,52000,84,1,578.3,0.13,0
1054,Home Owner,Unknown,38,7,49000,34,1,788.03,0,0
255,Other,Employed,53,25,49000,55,1,1093.45,0.04,0
655,Home Owner,Unknown,61,71,38000,5,0,291.4,0.11,1
1055,Tenant,Employed,49,23,50000,65,0,1215.48,0.08,0
256,Home Owner,Employed,49,15,43000,12,1,1319.84,0.1,1
656,Other,Employed,49,53,43000,2,1,513.89,0.09,0
1056,Home Owner,Unknown,52,14,42000,24,1,432.74,0.15,0
257,Home Owner,Employed,29,55,44000,17,1,120.77,0.01,0
657,Home Owner,Employed,44,69,41000,2,1,719.95,0.13,1
1057,Home Owner,Unknown,41,21,31000,13,1,62.62,0.01,0
258,Home Owner,Unknown,58,62,43000,43,1,1643.2,0.44,0
658,Home Owner,Employed,42,39,33000,16,1,925.58,0.33,0
1058,Tenant,Employed,26,30,27000,10,1,354.69,0.07,0
259,Tenant,Employed,54,51,37000,103,1,260.44,0.03,0
659,Home Owner,Unknown,53,24,45000,29,0,1578.56,0.47,0
1059,Other,Unknown,41,53,34000,62,1,623.94,0.09,1
260,Home Owner,Unknown,39,27,22000,52,1,1337.03,0.26,1
660,Tenant,Unknown,52,30,47000,77,1,150.17,0,0
1060,Home Owner,Unknown,39,145,21000,5,1,1165.89,0.11,0
261,Home Owner,Unknown,50,71,48000,10,0,1541.92,0.22,1
661,Other,Employed,43,79,42000,25,1,810.51,0.14,0
1061,Other,Unknown,54,6,42000,25,1,2022.08,0.41,1
262,Home Owner,Unknown,44,125,33000,32,1,1930.78,0.55,1
662,Tenant,Unknown,48,39,39000,27,1,701.3,0.11,0
1062,Home Owner,Unknown,50,25,37000,83,1,830.67,0.02,1
263,Tenant,Employed,48,5,36000,22,1,1224.22,0.33,0
663,Home Owner,Unknown,48,29,49000,24,1,1460.33,0.14,0
1063,Tenant,Unknown,37,26,37000,9,1,73.61,0.01,0
264,Tenant,Employed,59,22,53000,6,1,17.92,0.01,0
664,Home Owner,Unknown,27,5,38000,59,1,7.07,0,1
1064,Tenant,Employed,54,11,52000,26,0,178.24,0.06,0
265,Home Owner,Employed,41,13,43000,5,1,765.8,0.2,0
665,Tenant,Unknown,48,16,48000,44,1,1528.6,0.39,1
1065,Home Owner,Employed,50,95,38000,98,1,419.51,0.01,0
266,Home Owner,Employed,37,62,26000,16,1,933.22,0.14,1
666,Tenant,Unknown,52,37,49000,45,1,1023.25,0.18,1
1066,Tenant,Unknown,66,31,53000,8,1,877.89,0.46,0
267,Home Owner,Employed,55,45,38000,8,1,206.57,0.12,1
667,Tenant,Unknown,45,53,41000,50,1,963.04,0.06,0
1067,Home Owner,Employed,51,30,43000,63,0,1818.31,0.16,0
268,Home Owner,Employed,31,8,32000,49,1,1657.88,0.8,0
668,Other,Employed,31,48,36000,20,1,344.04,0.1,0
1068,Tenant,Unknown,43,32,32000,16,0,730.41,0.35,1
269,Home Owner,Employed,42,48,37000,8,1,938.64,0.68,0
669,Tenant,Unknown,49,88,34000,77,1,934.82,0.05,0
1069,Tenant,Unknown,40,97,36000,51,1,683.28,0.08,0
270,Tenant,Unknown,48,48,40000,4,1,1252.81,0.59,0
670,Tenant,Unknown,56,4,62000,2,1,1676.06,0.18,1
1070,Home Owner,Employed,34,26,40000,32,1,676.98,0.19,1
271,Home Owner,Unknown,30,48,28000,73,1,1077.45,0.73,0
671,Tenant,Unknown,70,36,46000,7,1,1528.72,0.45,0
1071,Tenant,Unknown,44,56,34000,79,1,594.77,0.02,1
272,Home Owner,Employed,36,34,35000,83,1,1118.35,0.53,0
672,Home Owner,Employed,54,95,45000,9,1,328.67,0.26,0
1072,Tenant,Employed,54,19,40000,12,1,957.64,0.17,0
273,Tenant,Unknown,44,61,28000,17,1,785.78,0.36,0
673,Tenant,Unknown,31,59,47000,87,1,1059.67,0.14,0
1073,Home Owner,Unknown,44,27,34000,20,1,1974.32,0.74,0
274,Home Owner,Employed,29,3,24000,24,1,101.54,0.02,0
674,Other,Unknown,57,44,50000,25,1,1120.03,0.26,0
1074,Other,Unknown,31,87,36000,28,1,351.23,0.15,0
275,Home Owner,Unknown,36,106,46000,17,1,3156.43,0.06,0
675,Tenant,Unknown,35,82,54000,25,1,327.55,0.08,0
1075,Other,Employed,35,11,32000,33,1,229.03,0.03,1
276,Tenant,Unknown,40,65,39000,43,1,393.79,0.07,0
676,Tenant,Employed,35,109,32000,30,1,631,0.15,0
1076,Tenant,Unknown,45,36,37000,59,1,556.8,0.16,0
277,Home Owner,Unknown,42,23,37000,67,1,259.78,0.03,0
677,Tenant,Employed,45,24,35000,37,1,180.35,0.04,1
1077,Home Owner,Unknown,41,75,30000,30,1,948.29,0.43,0
278,Tenant,Employed,47,60,39000,34,1,293.81,0.16,0
678,Home Owner,Employed,50,21,39000,30,0,619.28,0.12,1
1078,Home Owner,Unknown,43,56,32000,24,1,1394.4,0.14,0
279,Tenant,Unknown,44,3,19000,17,1,1419.92,1,1
679,Tenant,Employed,37,27,31000,100,1,920.39,0.35,0
1079,Home Owner,Employed,52,29,40000,15,0,433.56,0.18,0
280,Tenant,Unknown,43,78,19000,49,1,721.88,0.53,1
680,Tenant,Unknown,34,32,25000,13,1,117.01,0.03,0
1080,Home Owner,Employed,49,58,37000,46,0,801.08,0.17,1
281,Home Owner,Unknown,61,73,39000,122,0,1484.77,0.18,0
681,Other,Employed,27,9,31000,48,1,571.81,0.02,0
1081,Home Owner,Unknown,36,29,42000,12,1,486.53,0.27,0
282,Tenant,Employed,48,73,44000,9,1,1002.28,0.25,1
682,Tenant,Employed,47,80,36000,8,1,944.56,0.04,1
1082,Tenant,Unknown,39,17,40000,3,1,1181.43,0.02,0
283,Tenant,Unknown,51,22,37000,34,0,536.28,0.43,0
683,Tenant,Unknown,56,70,41000,59,1,1300.32,0.16,1
1083,Tenant,Employed,32,106,28000,14,1,1854.79,0.24,1
284,Other,Unknown,59,32,52000,9,0,98.75,0.01,0
684,Tenant,Unknown,62,38,48000,33,1,1478.3,0.01,0
1084,Home Owner,Employed,46,24,48000,11,1,16.52,0,0
285,Home Owner,Employed,46,4,33000,11,1,2023.72,0.98,0
685,Tenant,Unknown,60,29,53000,123,1,630.39,0.36,0
1085,Home Owner,Unknown,30,55,35000,23,1,844.87,0,1
286,Tenant,Unknown,54,37,44000,50,1,984.24,0.12,0
686,Tenant,Employed,48,10,45000,53,0,1523.82,0.07,0
1086,Other,Unknown,37,30,44000,9,1,731.11,0.46,0
287,Home Owner,Employed,49,91,39000,20,1,487.67,0.02,0
687,Tenant,Unknown,25,43,30000,23,0,893.91,0.16,0
1087,Tenant,Employed,50,14,42000,66,1,229.89,0.03,0
288,Home Owner,Unknown,59,103,40000,67,1,714.43,0.08,1
688,Tenant,Unknown,37,35,39000,56,1,160.47,0.07,1
1088,Home Owner,Employed,35,75,29000,50,1,1379.72,0.28,1
289,Home Owner,Unknown,41,55,32000,57,1,1320.22,0.07,0
689,Other,Unknown,62,49,61000,48,1,175.63,0,0
1089,Tenant,Unknown,35,30,35000,22,1,613.74,0.03,1
290,Tenant,Unknown,36,59,38000,29,1,1312.1,0.14,1
690,Tenant,Employed,33,19,30000,36,1,396.9,0.13,1
1090,Other,Employed,52,2,46000,2,1,211.83,0.05,0
291,Tenant,Unknown,42,38,40000,11,1,934.8,0.06,0
691,Home Owner,Employed,37,75,40000,65,1,1448.86,0.06,1
1091,Tenant,Employed,48,61,45000,20,1,108.8,0.03,0
292,Tenant,Employed,40,34,30000,50,1,252.95,0.09,0
692,Tenant,Employed,40,45,33000,15,1,1597.44,0.54,1
1092,Tenant,Employed,54,55,35000,8,1,1903.08,0.21,0
293,Other,Employed,40,13,45000,45,1,836.09,0.01,0
693,Tenant,Employed,44,22,35000,54,0,349.77,0.04,0
1093,Tenant,Employed,40,35,29000,35,0,264.14,0.07,1
294,Tenant,Unknown,31,9,28000,23,1,638.96,0.03,1
694,Tenant,Unknown,34,49,27000,10,1,674.16,0.15,0
1094,Tenant,Unknown,43,39,33000,72,0,1114.97,0.35,0
295,Tenant,Unknown,44,67,40000,7,1,1268.94,0.47,1
695,Tenant,Unknown,61,20,60000,60,1,46.24,0,0
1095,Tenant,Employed,60,11,45000,54,0,2085.3,0.35,0
296,Tenant,Employed,31,34,24000,10,1,706.52,0.04,1
696,Tenant,Unknown,23,5,21000,36,0,808.43,0.26,1
1096,Tenant,Unknown,46,95,39000,13,1,303.09,0,1
297,Home Owner,Employed,54,19,44000,78,1,1626.74,0.92,1
697,Home Owner,Unknown,39,3,29000,17,1,1439.77,0.19,1
1097,Tenant,Unknown,32,35,39000,12,1,1719.63,0.87,0
298,Tenant,Employed,43,106,38000,52,1,777.48,0.18,1
698,Tenant,Employed,37,4,36000,10,1,1115.72,0.54,1
1098,Home Owner,Unknown,44,56,33000,8,1,826.94,0.24,0
299,Other,Unknown,57,26,48000,39,0,785.7,0.15,0
699,Tenant,Unknown,46,16,35000,5,1,2152.52,1.24,1
1099,Home Owner,Unknown,45,5,18000,61,1,1126.71,0.19,0
300,Tenant,Employed,49,16,34000,17,1,179.41,0.01,0
700,Tenant,Employed,35,25,33000,82,0,551.99,0.14,0
1100,Home Owner,Employed,34,3,35000,53,0,525.92,0.02,0
301,Other,Unknown,48,91,38000,21,1,606.3,0.1,1
701,Home Owner,Unknown,38,9,37000,39,0,897.6,0.25,0
1101,Tenant,Unknown,50,42,35000,38,1,1150.51,0.72,0
302,Home Owner,Employed,44,78,43000,28,1,660.91,0.09,1
702,Tenant,Unknown,51,36,38000,32,1,1909.61,0.87,1
1102,Home Owner,Unknown,41,44,37000,30,1,61.47,0.02,0
303,Tenant,Unknown,45,6,41000,78,1,36.38,0.01,0
703,Home Owner,Unknown,33,31,26000,18,0,1607.82,0.04,1
1103,Home Owner,Employed,52,79,43000,36,1,539.92,0.01,1
304,Tenant,Unknown,49,70,48000,8,1,145.43,0.01,1
704,Home Owner,Unknown,43,37,30000,74,1,1262.87,0.67,1
1104,Tenant,Unknown,35,34,39000,20,1,453.26,0.08,0
305,Other,Employed,46,46,40000,118,1,97.46,0.03,0
705,Home Owner,Employed,32,34,38000,22,0,1622.73,1.07,0
1105,Tenant,Employed,54,23,38000,12,1,1223.42,0.17,0
306,Tenant,Employed,21,37,21000,84,0,230.61,0.01,1
706,Tenant,Employed,42,52,32000,38,1,232.92,0.12,0
1106,Tenant,Unknown,44,53,34000,9,1,173.22,0.05,0
307,Tenant,Unknown,58,19,43000,114,1,836.67,0.34,0
707,Home Owner,Unknown,49,10,44000,6,1,714.48,0.32,0
1107,Home Owner,Employed,46,5,40000,4,0,542.19,0.41,0
308,Home Owner,Unknown,73,32,51000,5,1,473.72,0.32,0
708,Other,Employed,37,56,35000,69,1,969.41,0.67,1
1108,Tenant,Unknown,53,26,47000,41,1,779.59,0.05,0
309,Home Owner,Employed,45,13,42000,13,1,939.99,0.02,0
709,Other,Unknown,40,68,51000,11,1,143.64,0.03,1
1109,Home Owner,Unknown,40,27,36000,16,1,1111.8,0.01,0
310,Tenant,Employed,55,22,42000,16,0,1148.82,0.44,1
710,Tenant,Unknown,39,38,37000,14,0,365.65,0.09,0
1110,Tenant,Employed,40,79,41000,85,1,1670.61,0.71,1
311,Tenant,Employed,46,41,43000,27,1,500.29,0.19,1
711,Tenant,Employed,29,85,24000,56,1,1450.98,0.6,0
1111,Home Owner,Unknown,47,147,43000,12,1,336.47,0.21,1
312,Home Owner,Employed,53,31,35000,34,1,1093.3,0.15,0
712,Other,Unknown,44,38,35000,49,1,1079.61,0.52,0
1112,Home Owner,Employed,55,48,46000,22,1,948.36,0.58,1
313,Tenant,Employed,43,5,38000,7,1,1571.96,0.18,0
713,Tenant,Unknown,54,60,40000,51,1,553.05,0.26,0
1113,Tenant,Unknown,30,30,24000,66,1,552.58,0.05,1
314,Home Owner,Unknown,50,59,50000,37,0,96.75,0.01,0
714,Home Owner,Unknown,52,16,44000,46,1,481.25,0.14,0
1114,Other,Employed,46,45,36000,47,1,574.28,0.28,0
315,Home Owner,Employed,35,42,28000,27,0,612.67,0.13,0
715,Other,Employed,51,33,37000,47,1,578.94,0.08,0
1115,Home Owner,Employed,51,58,34000,58,1,203.37,0.03,0
316,Home Owner,Employed,33,36,47000,37,1,800.52,0.19,0
716,Home Owner,Unknown,31,99,34000,14,1,1028.06,0.49,1
1116,Tenant,Employed,54,10,37000,32,1,207.16,0.1,1
317,Home Owner,Unknown,67,32,44000,68,1,121.9,0.1,1
717,Other,Employed,47,34,45000,35,1,320.23,0.06,0
1117,Tenant,Unknown,59,22,37000,19,1,1379.64,1.09,0
318,Home Owner,Employed,47,73,49000,4,1,326.5,0.07,0
718,Tenant,Employed,57,37,54000,51,1,1333.6,0.51,0
1118,Tenant,Unknown,42,41,44000,14,1,1684.51,0.52,0
319,Tenant,Employed,44,6,36000,22,1,800.06,0.06,0
719,Home Owner,Employed,45,3,42000,29,1,351.15,0.02,0
1119,Tenant,Unknown,47,71,45000,35,1,1114.95,0.08,0
320,Tenant,Employed,53,9,39000,26,1,1865.56,0.28,0
720,Home Owner,Employed,23,59,37000,57,1,146.59,0.09,0
1120,Home Owner,Unknown,45,35,18000,16,1,2013.62,0.04,1
321,Other,Unknown,50,89,49000,7,0,739.56,0.21,1
721,Other,Unknown,56,31,51000,3,1,1430.63,0.09,0
1121,Tenant,Employed,49,97,43000,37,1,1506.18,0.68,0
322,Tenant,Employed,51,42,52000,41,1,622.74,0.08,1
722,Home Owner,Employed,34,18,34000,28,1,1128.6,0.52,1
1122,Home Owner,Unknown,36,17,33000,17,1,388.45,0.03,0
323,Home Owner,Unknown,27,39,28000,39,1,948.65,0.1,1
723,Tenant,Employed,31,46,26000,62,1,644.85,0.36,1
1123,Tenant,Unknown,29,34,39000,21,1,513.66,0.08,1
324,Tenant,Employed,51,3,37000,22,1,375.75,0.16,0
724,Tenant,Employed,46,32,42000,10,0,349.19,0.31,0
1124,Tenant,Employed,43,61,49000,46,1,633.13,0.13,0
325,Other,Employed,53,42,48000,17,1,436.27,0.23,0
725,Home Owner,Unknown,54,38,37000,15,1,769.57,0.22,0
1125,Home Owner,Unknown,40,36,28000,23,1,143.17,0.06,0
326,Tenant,Unknown,46,101,51000,86,1,1059.64,0.01,1
726,Tenant,Employed,49,91,42000,42,1,1687.98,0.21,0
1126,Tenant,Unknown,35,64,38000,36,1,706,0.11,0
327,Home Owner,Unknown,43,20,43000,6,1,337.83,0.13,0
727,Tenant,Unknown,40,30,28000,37,0,521.61,0.01,1
1127,Other,Unknown,37,15,37000,54,1,1692.38,0.64,1
328,Tenant,Employed,52,20,50000,23,1,1202.51,0.31,0
728,Home Owner,Unknown,38,54,35000,41,1,755.53,0.1,0
1128,Home Owner,Employed,46,62,43000,16,1,1447.89,0.3,0
329,Home Owner,Employed,32,51,34000,19,0,1171.05,0.39,1
729,Other,Employed,40,62,36000,86,1,221.24,0,0
1129,Home Owner,Employed,42,44,38000,13,1,116.32,0.02,1
330,Tenant,Unknown,42,51,37000,22,0,513.44,0.11,0
730,Other,Unknown,34,123,43000,15,1,317.89,0.01,0
1130,Home Owner,Unknown,34,36,46000,21,0,920.41,0.15,1
331,Home Owner,Employed,42,37,35000,15,1,669.6,0.16,0
731,Tenant,Unknown,45,8,22000,2,0,557.72,0.03,1
1131,Home Owner,Unknown,43,55,34000,46,0,1087.56,0.2,1
332,Other,Unknown,74,25,45000,5,1,129.46,0.06,0
732,Home Owner,Employed,60,31,53000,10,1,712.86,0.04,1
1132,Home Owner,Employed,52,68,50000,13,1,1789.18,0.69,0
333,Other,Unknown,34,73,18000,57,1,1220.36,0.07,1
733,Home Owner,Unknown,55,207,52000,36,1,202.25,0.03,0
1133,Home Owner,Employed,32,21,40000,53,1,435.31,0.09,1
334,Tenant,Employed,50,2,34000,49,1,674.56,0.31,1
734,Home Owner,Employed,38,5,44000,20,1,296.78,0.14,0
1134,Other,Unknown,49,24,34000,28,1,856.01,0.31,0
335,Tenant,Unknown,43,46,41000,7,1,385.18,0.23,0
735,Tenant,Employed,32,38,38000,15,1,399.3,0.13,1
1135,Home Owner,Employed,60,3,53000,27,1,100.47,0.01,1
336,Home Owner,Employed,33,16,33000,8,1,39.95,0,0
736,Home Owner,Employed,44,98,35000,33,1,1108.86,0.03,1
1136,Tenant,Unknown,39,17,37000,58,1,936.54,0.29,1
337,Home Owner,Employed,40,50,36000,75,1,349.8,0.09,0
737,Tenant,Unknown,46,131,33000,27,1,27.89,0.01,0
1137,Home Owner,Employed,45,86,37000,36,1,1808.78,0.24,0
338,Other,Employed,32,68,36000,13,1,57.35,0.02,1
738,Tenant,Employed,47,74,35000,7,1,279.77,0.06,0
1138,Other,Employed,33,3,33000,11,1,79.13,0.02,1
339,Tenant,Employed,40,57,37000,16,1,226.87,0.05,1
739,Other,Unknown,38,11,37000,20,0,1121.23,0.22,0
1139,Tenant,Unknown,58,123,39000,5,1,803.96,0.14,1
340,Home Owner,Unknown,33,31,32000,85,1,457.23,0.08,0
740,Tenant,Employed,38,55,52000,4,1,650.04,0.12,1
1140,Tenant,Employed,65,46,56000,51,1,776.08,0.29,0
341,Home Owner,Employed,55,51,48000,26,0,1531.39,0.09,0
741,Other,Unknown,59,13,47000,20,1,1906.49,0.64,1
1141,Other,Unknown,42,5,33000,77,1,743.99,0.02,0
342,Tenant,Employed,42,77,32000,10,1,1273.76,0.68,0
742,Home Owner,Unknown,55,9,40000,35,1,859.59,0.06,0
1142,Tenant,Unknown,24,39,45000,48,1,798.01,0.6,0
343,Tenant,Employed,40,95,36000,29,1,1082.35,0.46,0
743,Tenant,Unknown,44,81,30000,45,1,424.12,0.31,0
1143,Tenant,Unknown,40,5,20000,46,1,1627.06,1.02,0
344,Tenant,Employed,49,3,45000,67,1,1774.04,0.15,0
744,Tenant,Employed,28,31,39000,70,1,1654.3,0.07,0
1144,Home Owner,Unknown,48,120,44000,4,1,1205.96,0.26,0
345,Tenant,Employed,50,5,33000,20,1,358.33,0,0
745,Other,Unknown,37,62,18000,54,1,799.22,0.27,0
1145,Tenant,Employed,47,6,33000,48,0,1512.63,0.35,0
346,Home Owner,Unknown,50,37,40000,26,1,849.86,0.31,1
746,Home Owner,Unknown,38,37,37000,27,1,1243.63,0.28,0
1146,Tenant,Employed,42,34,51000,76,1,903.14,0.01,0
347,Home Owner,Employed,54,46,43000,18,1,77.5,0.02,0
747,Home Owner,Unknown,40,77,31000,7,1,186.56,0.01,1
1147,Home Owner,Employed,58,35,46000,2,1,1170.58,0.43,1
348,Home Owner,Unknown,39,60,39000,127,1,1193.99,0.19,1
748,Home Owner,Unknown,49,152,56000,18,1,1086.1,0.23,0
1148,Tenant,Unknown,32,6,41000,21,0,957.38,0.12,1
349,Tenant,Employed,66,33,45000,24,0,496.37,0.32,1
749,Other,Unknown,44,22,49000,8,1,840.79,0.08,1
1149,Tenant,Employed,66,42,43000,26,1,378.82,0.09,0
350,Home Owner,Employed,27,84,36000,23,1,847.32,0.65,0
750,Other,Employed,44,43,36000,31,1,2428.82,0.99,0
1150,Home Owner,Unknown,46,52,43000,66,0,648.31,0.22,0
351,Home Owner,Employed,44,38,36000,2,1,424.7,0.12,1
751,Home Owner,Employed,50,103,52000,44,1,21.37,0,0
1151,Home Owner,Employed,45,15,39000,15,1,929.77,0.23,0
352,Tenant,Employed,39,54,44000,14,1,1360.71,0.02,0
752,Tenant,Unknown,68,28,44000,24,1,1152.79,0.05,1
1152,Home Owner,Employed,39,32,40000,10,0,499.84,0.06,0
353,Tenant,Employed,53,63,38000,16,1,38.26,0,1
753,Home Owner,Unknown,53,59,44000,3,0,1893.79,0.66,0
1153,Home Owner,Unknown,30,20,23000,18,1,1056.82,0.5,0
354,Other,Employed,49,32,42000,12,1,315.99,0,0
754,Home Owner,Employed,51,11,50000,73,1,1439.25,0.77,0
1154,Tenant,Employed,47,39,33000,14,1,418.84,0.13,0
355,Home Owner,Unknown,49,32,53000,3,1,1051.29,0.06,0
755,Home Owner,Employed,43,42,44000,49,1,65.72,0.02,0
1155,Home Owner,Unknown,51,45,50000,56,1,75.88,0.03,0
356,Home Owner,Employed,60,34,55000,18,1,487.26,0.14,0
756,Other,Unknown,41,31,40000,6,1,175.41,0.06,0
1156,Home Owner,Employed,35,26,35000,27,1,636.27,0.25,0
357,Home Owner,Unknown,45,63,40000,2,1,376.77,0.23,0
757,Home Owner,Unknown,38,27,20000,16,1,118.07,0.05,0
1157,Home Owner,Employed,47,37,34000,15,1,1610.74,0.19,0
358,Other,Employed,54,40,35000,4,0,1238.97,0.43,1
758,Home Owner,Unknown,52,28,34000,109,1,516.02,0.18,0
1158,Home Owner,Employed,51,9,40000,101,1,701.32,0.18,0
359,Other,Employed,51,78,53000,5,1,246.27,0.01,0
759,Home Owner,Unknown,47,3,46000,66,1,380,0.21,1
1159,Other,Unknown,31,75,25000,47,0,363.38,0.06,1
360,Tenant,Employed,48,132,48000,47,1,624.7,0.11,0
760,Tenant,Employed,46,81,33000,4,1,222.57,0.04,1
1160,Tenant,Unknown,46,15,38000,16,1,402.1,0.03,0
361,Home Owner,Employed,52,12,54000,10,1,1420.01,0.76,1
761,Tenant,Unknown,34,14,26000,91,1,817.37,0.06,0
1161,Tenant,Employed,36,80,39000,92,1,149.77,0.01,0
362,Home Owner,Employed,44,58,31000,60,1,167.21,0.01,0
762,Tenant,Employed,54,25,40000,76,0,749.32,0.09,0
1162,Home Owner,Unknown,59,116,43000,47,1,664.23,0.02,0
363,Tenant,Unknown,40,115,28000,4,1,1763.43,1.62,1
763,Tenant,Employed,55,5,50000,49,1,96.06,0.01,0
1163,Other,Unknown,25,5,25000,6,1,625.33,0.18,0
364,Home Owner,Employed,50,33,35000,6,1,110.75,0.01,1
764,Tenant,Unknown,46,8,52000,28,0,2286.72,0.35,0
1164,Other,Unknown,39,21,45000,14,1,309.43,0.07,1
365,Home Owner,Unknown,53,62,37000,65,1,187.52,0.05,0
765,Tenant,Employed,49,11,50000,128,0,1516.23,1.11,0
1165,Tenant,Unknown,49,77,42000,2,1,111.99,0.04,0
366,Tenant,Employed,44,91,39000,9,1,831.07,0.08,0
766,Tenant,Employed,59,25,60000,14,1,35.47,0.01,0
1166,Home Owner,Employed,35,37,25000,4,1,905.73,0,0
367,Home Owner,Employed,56,32,41000,8,1,1296.88,0.29,1
767,Home Owner,Employed,50,58,48000,55,1,1971.57,0.27,0
1167,Home Owner,Employed,56,21,51000,55,1,1320.78,0.89,0
368,Home Owner,Unknown,61,13,42000,30,0,1475,0.48,0
768,Other,Unknown,45,125,34000,18,1,835.51,0.56,0
1168,Other,Unknown,68,102,50000,39,1,176.17,0.06,0
369,Home Owner,Unknown,60,19,46000,29,1,756.31,0.19,0
769,Tenant,Unknown,57,35,50000,7,1,420.59,0,0
1169,Home Owner,Employed,39,48,51000,38,1,1573.61,0.13,0
370,Tenant,Unknown,41,6,41000,24,1,2253.14,0.31,1
770,Tenant,Unknown,63,25,55000,9,1,1127.02,0.19,0
1170,Tenant,Employed,53,40,57000,81,0,108.71,0,1
371,Home Owner,Unknown,57,38,40000,29,1,1312.74,0.09,1
771,Tenant,Unknown,35,34,33000,78,1,27.91,0,0
1171,Home Owner,Employed,30,14,47000,12,1,294.58,0.05,1
372,Home Owner,Unknown,47,74,37000,51,1,712.07,0.1,0
772,Home Owner,Unknown,50,40,35000,51,1,270.52,0.11,0
1172,Tenant,Unknown,46,54,43000,31,1,648.18,0.32,1
373,Tenant,Unknown,58,42,48000,2,1,875.97,0.23,1
773,Home Owner,Employed,61,28,48000,3,1,116.24,0,0
1173,Home Owner,Employed,44,6,35000,27,1,1001.42,0.67,0
374,Tenant,Employed,52,9,44000,61,1,268.86,0.09,0
774,Home Owner,Unknown,43,23,20000,24,1,253.26,0.06,1
1174,Tenant,Unknown,46,27,47000,19,1,189.45,0.01,1
375,Home Owner,Employed,54,45,49000,13,1,1059.27,0.74,0
775,Home Owner,Unknown,43,25,34000,26,1,332.83,0.08,0
1175,Tenant,Employed,51,43,48000,7,1,507.43,0.03,0
376,Tenant,Unknown,50,36,37000,6,1,42.64,0.01,0
776,Tenant,Unknown,48,52,43000,8,0,1678.67,0.04,1
1176,Tenant,Employed,52,42,53000,5,1,278.68,0.01,0
377,Home Owner,Unknown,31,65,37000,36,1,565.33,0.18,0
777,Tenant,Employed,56,64,45000,3,1,102.39,0.02,1
1177,Other,Employed,39,8,28000,30,1,375.18,0.05,0
378,Tenant,Employed,35,11,51000,32,1,1016.99,0.39,1
778,Tenant,Unknown,37,15,34000,22,1,206.9,0.08,0
1178,Other,Unknown,54,2,43000,47,1,176.97,0.02,0
379,Home Owner,Unknown,37,8,26000,49,1,580.12,0,1
779,Tenant,Employed,53,22,48000,20,0,1804.84,0.4,0
1179,Tenant,Employed,35,13,26000,14,1,857.76,0.35,1
380,Tenant,Unknown,43,56,34000,78,1,476.81,0.23,0
780,Home Owner,Unknown,43,10,42000,25,1,1142.22,0.84,0
1180,Home Owner,Unknown,55,75,40000,17,1,377.94,0.15,0
381,Other,Unknown,39,42,30000,51,1,919.03,0.06,1
781,Home Owner,Unknown,50,29,39000,9,1,12.2,0,0
1181,Other,Unknown,36,39,26000,18,1,1067.32,0.05,1
382,Tenant,Employed,40,40,40000,30,1,1396.18,0.33,0
782,Home Owner,Unknown,43,9,32000,67,1,258.24,0.04,0
1182,Home Owner,Employed,34,103,28000,23,0,0.58,0,1
383,Home Owner,Employed,24,37,32000,8,1,383.63,0.07,1
783,Home Owner,Unknown,27,26,39000,32,1,1131.16,0.18,1
1183,Home Owner,Unknown,41,24,29000,74,1,1072.8,0.16,0
384,Home Owner,Employed,37,11,37000,87,1,755.22,0.32,0
784,Tenant,Unknown,28,33,42000,11,1,253.04,0.08,0
1184,Tenant,Employed,55,57,46000,41,1,285.39,0,0
385,Other,Employed,51,44,39000,30,1,2434.4,0.45,1
785,Home Owner,Employed,28,11,38000,19,1,585,0.14,0
1185,Tenant,Unknown,50,32,37000,26,1,1141.43,0.59,0
386,Tenant,Unknown,59,14,41000,11,1,794.84,0.14,1
786,Home Owner,Employed,29,18,28000,61,1,2593.68,0.76,0
1186,Other,Unknown,41,14,34000,22,1,1344.19,0.29,1
387,Home Owner,Employed,54,30,42000,59,0,929.69,0.1,0
787,Tenant,Unknown,61,14,42000,47,1,877.38,0.03,0
1187,Tenant,Unknown,43,62,32000,57,1,1329.36,0.57,1
388,Tenant,Employed,37,33,34000,97,1,401.67,0.15,0
788,Tenant,Employed,46,26,32000,44,1,181.35,0.06,0
1188,Tenant,Employed,37,60,38000,3,1,638.65,0.05,1
389,Other,Employed,56,5,37000,12,1,588.49,0.06,1
789,Other,Employed,46,98,47000,39,1,1299.59,0.17,1
1189,Home Owner,Employed,45,34,43000,14,1,127.16,0.05,0
390,Tenant,Unknown,51,6,50000,69,1,296.46,0.16,0
790,Other,Unknown,43,29,40000,100,1,0.21,0,0
1190,Home Owner,Employed,37,23,42000,58,1,159.59,0.04,0
391,Home Owner,Unknown,48,32,54000,25,1,1203.89,0.33,0
791,Home Owner,Employed,42,6,39000,3,1,500.72,0.13,1
1191,Other,Employed,45,2,39000,4,1,711.09,0.17,0
392,Tenant,Unknown,45,35,34000,66,1,969.45,0.13,1
792,Home Owner,Unknown,39,41,20000,113,1,1023.5,0.15,0
1192,Home Owner,Unknown,54,36,35000,44,1,716.29,0.19,1
393,Tenant,Employed,52,113,46000,91,1,634.45,0.12,0
793,Home Owner,Employed,35,49,29000,14,1,1480.07,0.73,0
1193,Home Owner,Employed,56,21,44000,53,0,342.09,0.18,1
394,Home Owner,Employed,45,70,34000,50,1,1541.68,0.08,0
794,Home Owner,Unknown,40,36,42000,23,1,352.77,0.16,1
1194,Home Owner,Unknown,34,54,35000,25,1,1522.5,0.47,1
395,Home Owner,Unknown,39,35,24000,13,1,2002.47,0.6,1
795,Home Owner,Employed,40,68,33000,55,1,377.5,0.1,0
1195,Home Owner,Employed,64,9,49000,18,0,953.14,0.07,0
396,Home Owner,Unknown,46,47,41000,57,1,2213.38,0.11,0
796,Home Owner,Employed,42,47,30000,71,0,1318.72,0.06,0
1196,Home Owner,Unknown,54,92,41000,51,1,1230.98,0.35,0
397,Tenant,Employed,56,83,50000,67,1,703.07,0.04,0
797,Home Owner,Employed,47,39,47000,20,1,818.26,0.51,0
1197,Tenant,Unknown,36,19,45000,4,1,239.28,0.13,1
398,Home Owner,Employed,43,61,34000,38,1,186.95,0.01,0
798,Home Owner,Unknown,32,130,31000,12,1,343.1,0.12,0
1198,Home Owner,Employed,29,35,27000,47,1,16.18,0.01,1
399,Tenant,Employed,45,35,46000,6,0,42.85,0.02,1
799,Other,Unknown,53,7,48000,31,0,777.42,0.15,0
1199,Tenant,Employed,56,66,38000,48,1,1009.24,0.47,0
400,Home Owner,Unknown,37,26,41000,8,0,774.76,0.2,1
800,Home Owner,Employed,45,85,31000,63,1,1206.96,0.4,1
1200,Tenant,Unknown,44,24,41000,16,1,1039.4,0.19,0
